combination,balance
3223,985000
3123,865000
5210,810000
5200,780000
5220,635000
0253,580000
5211,580000
1005,570000
1243,560000
2151,535000
5201,535000
0153,520000
1253,490000
5221,455000
5202,450000
2152,440000
5230,430000
3442,430000
1153,420000
4034,420000
2251,400000
2150,385000
4004,380000
4134,375000
2532,375000
1205,370000
0151,370000
0205,365000
2253,350000
2153,350000
0005,345000
5231,345000
5203,335000
4104,320000
0305,315000
2243,315000
0243,315000
1015,310000
1305,305000
3152,305000
3151,305000
2250,300000
0532,290000
4005,285000
5212,285000
5303,275000
5233,275000
3443,275000
4205,270000
0152,270000
1151,265000
5310,255000
5223,255000
0444,250000
4105,250000
5213,250000
4015,250000
4234,245000
0405,245000
5104,240000
4215,235000
4243,235000
5313,230000
5300,230000
0053,230000
0610,230000
1152,230000
0061,230000
2051,225000
1061,220000
1444,220000
4044,215000
3023,215000
3440,215000
0161,210000
1610,210000
4115,210000
1105,205000
1532,205000
0611,205000
5114,205000
4144,205000
2502,200000
1161,200000
1150,200000
0415,200000
3153,195000
2443,195000
1405,195000
2512,195000
0251,190000
4334,190000
1611,190000
2405,190000
3253,190000
2542,185000
2244,180000
1315,180000
0315,180000
4442,175000
0026,175000
2530,175000
0260,175000
2600,175000
1026,170000
3532,170000
1215,165000
2006,165000
5004,165000
0206,165000
5033,165000
2060,165000
0353,160000
1260,160000
2106,160000
2610,160000
1206,160000
3051,160000
2415,160000
0126,160000
0261,160000
2601,160000
2061,160000
0062,155000
4014,155000
1415,155000
3353,155000
1126,155000
0620,155000
5240,150000
1261,150000
5302,150000
0524,150000
2016,150000
1062,150000
3540,150000
2500,150000
2252,145000
4053,145000
2116,145000
0216,145000
0162,145000
1620,145000
5311,145000
4244,145000
2611,145000
2160,145000
1162,140000
4225,140000
1216,140000
2444,140000
5232,140000
2161,140000
0602,140000
3252,135000
0215,135000
3052,135000
5204,135000
3541,135000
0612,135000
1053,135000
1524,130000
0621,130000
5133,130000
5241,130000
4204,130000
2533,125000
5014,125000
1621,125000
4153,125000
0531,125000
2353,125000
3405,125000
4305,125000
1602,125000
1353,120000
5323,120000
5301,120000
1251,120000
4343,120000
2062,120000
1612,120000
3441,120000
1530,120000
0534,120000
0060,115000
2026,115000
2503,115000
4432,115000
0600,115000
4315,115000
0051,115000
0006,115000
3433,110000
3415,110000
2162,110000
0226,110000
5034,110000
4443,110000
2206,110000
3060,110000
1006,110000
2260,110000
5403,110000
4035,110000
0306,110000
1534,110000
2126,110000
3542,105000
5214,105000
3061,105000
3452,105000
1226,105000
2261,105000
5134,105000
2602,105000
4025,105000
0262,105000
1306,105000
2620,105000
5041,100000
5124,100000
0106,100000
1262,100000
3005,100000
3434,100000
0530,100000
2612,100000
1060,100000
0016,95000
1106,95000
0361,95000
4114,95000
0316,95000
1361,95000
1360,95000
0036,95000
0360,95000
4135,95000
1136,95000
1600,95000
0160,95000
2216,95000
2453,95000
5131,95000
0136,95000
3600,95000
3610,95000
1036,95000
3160,95000
1016,90000
4434,90000
2621,90000
0601,90000
3161,90000
3601,90000
3611,90000
5103,90000
5413,90000
1316,90000
2531,90000
0505,85000
5141,85000
2052,85000
5001,85000
5243,85000
4253,85000
0245,80000
2262,80000
0116,80000
1160,80000
0515,80000
4125,80000
2534,80000
2524,80000
1505,80000
5333,80000
0425,80000
1630,75000
1250,75000
2036,75000
1601,75000
0630,75000
0622,75000
1116,75000
6300,75000
2136,75000
1515,75000
3453,75000
3425,75000
0163,75000
3062,75000
0063,75000
0326,70000
5005,70000
3612,70000
3260,70000
1063,70000
2425,70000
2226,70000
2306,70000
1622,70000
5000,70000
3162,70000
5234,70000
1163,70000
3602,70000
5015,65000
5110,65000
0525,65000
1326,65000
1631,65000
6301,65000
6310,65000
3261,65000
2063,65000
0445,65000
5312,65000
3233,65000
5242,65000
0631,65000
2163,65000
0015,65000
3106,60000
3444,60000
2513,60000
2543,60000
0603,60000
2316,60000
3006,60000
4235,60000
3205,60000
1236,60000
0236,60000
5031,60000
1525,60000
6030,60000
2361,60000
2360,60000
4325,60000
6103,60000
1025,60000
6311,55000
2510,55000
5105,55000
1362,55000
2622,55000
0362,55000
0613,55000
3620,55000
6031,55000
1603,55000
6113,55000
6130,55000
3502,55000
2505,55000
0454,50000
3262,50000
3016,50000
5115,50000
4540,50000
3621,50000
2630,50000
3450,50000
2515,50000
6131,50000
0263,50000
3116,50000
5423,50000
1613,50000
2236,45000
0150,45000
3360,45000
3361,45000
3206,45000
2504,45000
1445,45000
1263,45000
1425,45000
5224,45000
1336,45000
2326,45000
2525,45000
2540,45000
1454,45000
0336,45000
0254,45000
2631,45000
4452,45000
4344,45000
4541,45000
4524,45000
4353,45000
2603,45000
4453,40000
3063,40000
3543,40000
6032,40000
2442,40000
1245,40000
3354,40000
3622,40000
3534,40000
6132,40000
3251,40000
3163,40000
5343,40000
2613,40000
1443,40000
4054,40000
2263,40000
4542,40000
3435,40000
2362,40000
2053,35000
6230,35000
2550,35000
3216,35000
3126,35000
0632,35000
0435,35000
6203,35000
2551,35000
1632,35000
1623,35000
4405,35000
5025,35000
0255,35000
2336,35000
3451,35000
6320,35000
5205,35000
3026,35000
0623,35000
0544,30000
2552,30000
0406,30000
5101,30000
1255,30000
5222,30000
5215,30000
0146,30000
0460,30000
6231,30000
3352,30000
6213,30000
5044,30000
4154,30000
1406,30000
3112,30000
0535,30000
5404,30000
4043,30000
4060,30000
4061,30000
1460,30000
1461,30000
3150,30000
3306,30000
2055,30000
5440,30000
0046,30000
4610,30000
1046,30000
6302,30000
0461,30000
4601,30000
3362,30000
4600,30000
4611,30000
1146,30000
4254,25000
4161,25000
1363,25000
2501,25000
3263,25000
5144,25000
0363,25000
3226,25000
4444,25000
6123,25000
2454,25000
0462,25000
6023,25000
4160,25000
5441,25000
5414,25000
5442,25000
3530,25000
1462,25000
6321,25000
1531,25000
1535,25000
1544,25000
4045,25000
2535,25000
4415,25000
2632,25000
1426,25000
4335,25000
1416,25000
4602,25000
3316,25000
2046,25000
6312,25000
4620,25000
2623,25000
4261,25000
0426,25000
3603,25000
5125,25000
0416,25000
2146,25000
3630,25000
4621,25000
4260,25000
3631,25000
4612,25000
3613,25000
6200,20000
5320,20000
2120,20000
0246,20000
4425,20000
2514,20000
4622,20000
2363,20000
5035,20000
1246,20000
6232,20000
6004,20000
6014,20000
3055,20000
5244,20000
5433,20000
5053,20000
2155,20000
2461,20000
2544,20000
3326,20000
2462,20000
2445,20000
3632,20000
4062,20000
2460,20000
3462,15000
0614,15000
4106,15000
6041,15000
6040,15000
5135,15000
2255,15000
3454,15000
3036,15000
0064,15000
0633,15000
3136,15000
5153,15000
3460,15000
0640,15000
5424,15000
2640,15000
0624,15000
5443,15000
6033,15000
6133,15000
0604,15000
3363,15000
6141,15000
3551,15000
3550,15000
4534,15000
5225,15000
3623,15000
1604,15000
6401,15000
4006,15000
0164,15000
4454,15000
1640,15000
1633,15000
0553,15000
2246,15000
3461,15000
1624,15000
1614,15000
0250,15000
6140,15000
0264,15000
4354,15000
6241,15000
1346,15000
1051,15000
4543,15000
5513,15000
6400,15000
4262,15000
4162,15000
0355,15000
6240,15000
5305,15000
6330,15000
1254,15000
2541,15000
0354,15000
4145,15000
5503,15000
0346,15000
3336,10000
6201,10000
6142,10000
4163,10000
2463,10000
1164,10000
3264,10000
5540,10000
5042,10000
3544,10000
4303,10000
1641,10000
1355,10000
3552,10000
3164,10000
4016,10000
5523,10000
3064,10000
2604,10000
2641,10000
2426,10000
3416,10000
0641,10000
5106,10000
1264,10000
2624,10000
4245,10000
6104,10000
5116,10000
5315,10000
4630,10000
6242,10000
2064,10000
3046,10000
4631,10000
4632,10000
2164,10000
6042,10000
6303,10000
6114,10000
5054,10000
0436,10000
4360,10000
4263,10000
4361,10000
5334,10000
6223,10000
4206,10000
5016,10000
2614,10000
3236,10000
4345,10000
5253,10000
3146,10000
5006,10000
3155,10000
1064,10000
2633,10000
3406,10000
1435,10000
3463,10000
1436,10000
4116,10000
6331,10000
4063,10000
6402,10000
6403,10000
0463,10000
2346,10000
4055,10000
2406,10000
3505,10000
0554,10000
2416,10000
5235,10000
6410,10000
2264,10000
1463,10000
3426,10000
6411,10000
3355,5000
3255,5000
6052,5000
4613,5000
6251,5000
2165,5000
0545,5000
6051,5000
6341,5000
0626,5000
0605,5000
2651,5000
6262,5000
4614,5000
3436,5000
6260,5000
2365,5000
6261,5000
6050,5000
3604,5000
2364,5000
2436,5000
6252,5000
1065,5000
0634,5000
2355,5000
3265,5000
3445,5000
0615,5000
0625,5000
5306,5000
5154,5000
0616,5000
5160,5000
5161,5000
5162,5000
4603,5000
3525,5000
6322,5000
4316,5000
0455,5000
3065,5000
2650,5000
2265,5000
3535,5000
0065,5000
0453,5000
3515,5000
4604,5000
3364,5000
3365,5000
6340,5000
0606,5000
5216,5000
5514,5000
4306,5000
4551,5000
4505,5000
5434,5000
4552,5000
6332,5000
6313,5000
4264,5000
6020,5000
1165,5000
2634,5000
5206,5000
0506,5000
3624,5000
5316,5000
6413,5000
0265,5000
5405,5000
6160,5000
6161,5000
6162,5000
1605,5000
1606,5000
5344,5000
1615,5000
1616,5000
6412,5000
5262,5000
4435,5000
1625,5000
1626,5000
1634,5000
5450,5000
6204,5000
6060,5000
5504,5000
1650,5000
1651,5000
1365,5000
1364,5000
0526,5000
6500,5000
1554,5000
1553,5000
6510,5000
6512,5000
6513,5000
1506,5000
6503,5000
5454,5000
5453,5000
1516,5000
5452,5000
6151,5000
4064,5000
1526,5000
5532,5000
1455,5000
6152,5000
5354,5000
5353,5000
5451,5000
5260,5000
5261,5000
1545,5000
6502,5000
6501,5000
3246,5000
5254,5000
0365,5000
5055,5000
3165,5000
5524,5000
3641,5000
3640,5000
1265,5000
3346,5000
0651,5000
4216,5000
6250,5000
5062,5000
6511,5000
2065,5000
0650,5000
6233,5000
3633,5000
5060,5000
5061,5000
0165,5000
5541,5000
5542,5000
0516,5000
0364,5000
1354,5000
5040,5000
6061,5000
6062,5000
6150,5000
5444,5000
6214,5000
4623,5000
4624,5000
4164,5000
3614,5000
2545,5000
4550,5000
3651,5000
5045,5000
3650,5000
5465,0
5460,0
5464,0
3266,0
5526,0
5466,0
5543,0
5505,0
3256,0
5546,0
5506,0
5461,0
5525,0
5535,0
5446,0
5516,0
5445,0
5545,0
5515,0
5536,0
3366,0
5436,0
5456,0
5533,0
3156,0
5462,0
5435,0
5463,0
3166,0
5534,0
3356,0
5544,0
5455,0
4156,0
5426,0
4633,0
4535,0
4536,0
4544,0
4545,0
4546,0
4553,0
4554,0
4555,0
4556,0
4560,0
4561,0
4562,0
4563,0
4564,0
4565,0
4566,0
4605,0
4606,0
4615,0
4616,0
4625,0
4526,0
4525,0
4516,0
4446,0
4365,0
4366,0
4406,0
5256,0
4416,0
5255,0
4426,0
4436,0
4445,0
4455,0
4515,0
4456,0
4460,0
4461,0
4462,0
4463,0
4464,0
4465,0
4466,0
4506,0
4626,0
4634,0
4363,0
4635,0
5026,0
5036,0
5046,0
5056,0
5063,0
5064,0
5065,0
5066,0
5111,0
5126,0
5136,0
5145,0
5146,0
5155,0
5156,0
5163,0
5164,0
5165,0
5166,0
5226,0
5236,0
5245,0
5246,0
4666,0
4651,0
4636,0
4640,0
4641,0
4642,0
4643,0
4644,0
4645,0
4646,0
4650,0
4652,0
4665,0
4653,0
4654,0
4655,0
4656,0
4660,0
4661,0
4662,0
4663,0
4664,0
4364,0
4362,0
5425,0
3664,0
3606,0
3615,0
3616,0
3625,0
3626,0
3634,0
3635,0
3636,0
3642,0
3643,0
3644,0
3645,0
3646,0
3652,0
3653,0
3654,0
3655,0
3656,0
3660,0
3661,0
3662,0
3605,0
3566,0
3565,0
3536,0
3446,0
3455,0
3456,0
3464,0
3465,0
3466,0
3506,0
3516,0
3526,0
3545,0
3564,0
3546,0
3553,0
3554,0
3555,0
3556,0
3560,0
3561,0
3562,0
3563,0
3663,0
3665,0
4356,0
3666,0
4165,0
4166,0
5336,0
5335,0
5326,0
5325,0
4226,0
4236,0
4246,0
4255,0
4256,0
4265,0
4266,0
4326,0
5266,0
4336,0
5265,0
5264,0
4346,0
5263,0
4355,0
4155,0
4146,0
4136,0
4066,0
5416,0
5415,0
4026,0
5406,0
4036,0
4046,0
5366,0
4056,0
4065,0
5365,0
5345,0
5364,0
5363,0
5362,0
5361,0
5360,0
5356,0
5355,0
4126,0
5346,0
5550,0
6666,0
2455,0
6421,0
6436,0
6440,0
6441,0
1642,0
1643,0
1644,0
1645,0
1646,0
1652,0
1653,0
6442,0
1654,0
1655,0
1656,0
6443,0
6444,0
1660,0
1661,0
1662,0
1663,0
1664,0
1665,0
1666,0
6146,0
6145,0
6435,0
1636,0
1635,0
6431,0
6423,0
6424,0
6425,0
1536,0
6426,0
0466,0
0465,0
0464,0
1546,0
0456,0
6430,0
6432,0
1566,0
0446,0
1555,0
1556,0
6433,0
6434,0
1560,0
1561,0
1562,0
1563,0
1564,0
1565,0
6144,0
6143,0
6445,0
2156,0
6063,0
6056,0
6055,0
6054,0
6053,0
6046,0
6045,0
6044,0
6043,0
6463,0
6464,0
2166,0
6065,0
6036,0
6035,0
6465,0
6034,0
6026,0
6025,0
6024,0
6466,0
6504,0
6016,0
6334,0
6064,0
6066,0
6136,0
6452,0
6135,0
6446,0
6134,0
6126,0
6125,0
6124,0
6450,0
6451,0
6120,0
6116,0
6115,0
6453,0
0356,0
6454,0
6455,0
2056,0
2066,0
6456,0
6460,0
6461,0
6106,0
6105,0
6462,0
0366,0
6422,0
6420,0
6506,0
6416,0
6353,0
6256,0
6255,0
6254,0
6253,0
6354,0
6355,0
6356,0
1256,0
1266,0
6246,0
6245,0
6360,0
6361,0
6362,0
6244,0
6243,0
6236,0
6363,0
6364,0
6235,0
6234,0
6365,0
6366,0
6226,0
6352,0
6351,0
6263,0
6345,0
6326,0
6335,0
6336,0
6325,0
6342,0
6343,0
6324,0
6323,0
6344,0
6316,0
6315,0
6346,0
6264,0
6314,0
1066,0
1056,0
6350,0
1156,0
1166,0
6306,0
6305,0
6304,0
6266,0
6265,0
6404,0
6405,0
6406,0
6153,0
0636,0
0635,0
6156,0
6155,0
0566,0
0565,0
0564,0
1446,0
0563,0
0562,0
6154,0
1456,0
0643,0
1464,0
1465,0
1466,0
0561,0
0560,0
0556,0
0555,0
0546,0
0536,0
6414,0
6415,0
0642,0
6163,0
6225,0
1356,0
6224,0
0666,0
0665,0
0664,0
0663,0
0662,0
6216,0
6215,0
0661,0
0660,0
0656,0
1366,0
0644,0
0655,0
6206,0
6205,0
0654,0
0653,0
0652,0
0646,0
6166,0
6165,0
6164,0
0645,0
6505,0
6015,0
6333,0
2605,0
2615,0
2616,0
2625,0
2626,0
6624,0
2635,0
2636,0
2642,0
6625,0
2643,0
6626,0
6630,0
6631,0
2644,0
2645,0
2646,0
2652,0
6632,0
6633,0
2653,0
2654,0
0066,0
0056,0
2606,0
2566,0
2655,0
2565,0
6612,0
6613,0
6614,0
6615,0
6514,0
6616,0
2526,0
2536,0
2546,0
2553,0
2554,0
2555,0
2556,0
2560,0
2561,0
6620,0
6664,0
2562,0
2563,0
6621,0
6622,0
6623,0
2564,0
3056,0
6634,0
6662,0
3015,0
6646,0
5603,0
5602,0
5601,0
6663,0
5600,0
6650,0
5566,0
6651,0
6652,0
5565,0
5564,0
5563,0
6653,0
6654,0
6655,0
5562,0
5561,0
5560,0
5556,0
6656,0
5555,0
6660,0
5604,0
5605,0
6635,0
5606,0
2656,0
6636,0
2660,0
2661,0
2662,0
6640,0
2663,0
6641,0
2664,0
6642,0
6643,0
2665,0
2666,0
6644,0
6645,0
5620,0
5616,0
5615,0
5614,0
5613,0
5612,0
5611,0
5610,0
2516,0
6611,0
2506,0
6550,0
6535,0
5662,0
6536,0
5661,0
5660,0
5656,0
5655,0
5654,0
6540,0
5653,0
5652,0
5651,0
5650,0
5646,0
6541,0
5645,0
5644,0
5643,0
6542,0
6543,0
6544,0
6545,0
6546,0
5552,0
5663,0
6534,0
6523,0
6006,0
6005,0
6515,0
6516,0
2256,0
2266,0
6520,0
5551,0
6521,0
6522,0
6524,0
6533,0
6525,0
6526,0
6530,0
6531,0
5666,0
0266,0
0256,0
6532,0
5665,0
5664,0
6610,0
5553,0
2356,0
6665,0
6551,0
5622,0
0166,0
0156,0
5554,0
5621,0
6565,0
2446,0
6566,0
6600,0
6601,0
6564,0
6602,0
6603,0
6604,0
3066,0
6605,0
2456,0
2464,0
2465,0
2466,0
6606,0
5624,0
5623,0
5625,0
6561,0
2366,0
5642,0
5641,0
5640,0
6552,0
6553,0
6554,0
6555,0
5636,0
5626,0
6560,0
6556,0
5635,0
5634,0
5633,0
5632,0
6562,0
6563,0
5631,0
5630,0
6661,0
2305,-5000
5142,-5000
3512,-5000
3423,-5000
3533,-5000
5010,-5000
6210,-5000
0325,-10000
3025,-10000
4433,-10000
1453,-10000
5400,-10000
5100,-10000
5043,-10000
5024,-10000
3531,-10000
5121,-15000
5140,-15000
6211,-15000
6021,-15000
5402,-15000
2523,-15000
5340,-15000
4440,-20000
6121,-20000
5304,-20000
1504,-20000
2005,-20000
5143,-20000
5341,-25000
3053,-25000
0542,-30000
0533,-30000
5113,-30000
4523,-30000
3215,-35000
4143,-35000
4532,-35000
3524,-35000
5003,-35000
5314,-35000
5410,-35000
4214,-40000
6100,-40000
5412,-40000
4024,-40000
4441,-40000
1542,-40000
5130,-40000
0052,-40000
2435,-40000
5120,-40000
4124,-45000
5401,-45000
0105,-45000
1514,-45000
3501,-45000
2245,-50000
5342,-50000
0543,-50000
5050,-50000
6202,-55000
3351,-55000
3424,-55000
1115,-55000
2050,-55000
2511,-55000
5150,-55000
3254,-55000
2424,-55000
3234,-55000
2354,-55000
1533,-60000
4504,-60000
6220,-60000
1543,-60000
3035,-60000
6101,-60000
5051,-60000
6003,-60000
5151,-65000
2522,-65000
3334,-65000
5030,-65000
6110,-65000
5020,-65000
6013,-65000
6022,-65000
6122,-65000
6212,-65000
5411,-70000
4514,-70000
5250,-70000
5021,-70000
3104,-70000
4450,-70000
4451,-70000
6221,-70000
5324,-75000
5251,-75000
5321,-75000
3500,-75000
0550,-75000
0551,-75000
5432,-75000
0055,-75000
3305,-80000
4052,-80000
1052,-80000
1055,-80000
4533,-85000
0244,-85000
2315,-85000
6111,-85000
0345,-85000
0552,-85000
5011,-90000
1550,-90000
5052,-90000
1551,-90000
0155,-90000
5152,-95000
3243,-95000
5512,-95000
1155,-95000
1552,-95000
5502,-95000
3522,-95000
3135,-95000
2254,-100000
6222,-100000
0252,-100000
3432,-100000
5522,-100000
5252,-100000
3315,-105000
5350,-105000
1512,-105000
0025,-105000
5351,-105000
3050,-105000
5102,-110000
5422,-110000
5002,-110000
0523,-110000
1345,-110000
1325,-110000
4304,-115000
3235,-115000
1252,-120000
3323,-120000
4152,-120000
5530,-120000
5352,-120000
3504,-125000
5531,-125000
3105,-130000
0504,-130000
3113,-135000
5123,-135000
6102,-140000
5332,-140000
3514,-140000
3511,-140000
0540,-145000
1502,-145000
0054,-145000
4224,-145000
0443,-145000
6112,-150000
3054,-150000
2345,-150000
1143,-150000
0514,-150000
3250,-155000
6000,-155000
3045,-155000
0154,-160000
1540,-160000
5013,-160000
3350,-165000
0335,-165000
5420,-165000
5330,-165000
3154,-165000
1523,-165000
2054,-170000
3145,-170000
3404,-170000
0541,-170000
5322,-170000
1054,-170000
6001,-175000
3510,-175000
4352,-175000
5023,-175000
3225,-180000
6010,-180000
0045,-180000
3520,-180000
1541,-185000
5430,-185000
5421,-185000
2154,-185000
1424,-190000
4424,-190000
0344,-190000
1154,-190000
4522,-195000
5431,-195000
1050,-195000
2450,-195000
4252,-195000
6011,-200000
3245,-200000
1522,-200000
2452,-200000
2015,-200000
0035,-205000
1335,-205000
5331,-205000
3213,-210000
5500,-210000
0145,-210000
5510,-210000
1442,-210000
4314,-215000
5511,-215000
5501,-215000
4503,-215000
3523,-220000
5520,-220000
3345,-220000
3133,-220000
5132,-220000
2045,-225000
0225,-225000
5521,-225000
4513,-225000
3414,-230000
2451,-230000
2520,-235000
3125,-235000
1244,-235000
4404,-235000
1045,-235000
3325,-240000
3115,-240000
2145,-240000
4203,-240000
4423,-245000
4333,-245000
3343,-245000
3521,-245000
1344,-250000
3335,-255000
2344,-255000
4324,-260000
6002,-260000
1145,-260000
2325,-260000
4414,-260000
4530,-265000
1225,-265000
1125,-265000
4342,-265000
6012,-270000
4531,-275000
4401,-280000
5032,-280000
4313,-290000
1510,-290000
2414,-290000
4233,-295000
2343,-300000
3244,-305000
3344,-305000
4323,-305000
3422,-305000
2351,-310000
1035,-310000
3503,-310000
0522,-315000
2434,-315000
2335,-315000
0115,-320000
4242,-320000
4402,-325000
4403,-325000
0442,-325000
1434,-330000
3204,-330000
1511,-330000
3513,-335000
1500,-345000
0050,-345000
4502,-345000
5112,-345000
4431,-350000
4051,-350000
1433,-355000
4512,-370000
2350,-370000
4520,-375000
4351,-375000
2205,-380000
4151,-390000
4103,-390000
4521,-390000
1513,-395000
1520,-395000
1135,-395000
2352,-400000
2044,-400000
2404,-405000
3224,-405000
0434,-405000
1423,-405000
1501,-410000
2433,-410000
2521,-410000
5122,-410000
2441,-415000
4430,-415000
4422,-415000
4413,-420000
1503,-420000
3333,-425000
0144,-425000
2314,-430000
2025,-430000
0135,-430000
0513,-435000
4050,-435000
0512,-440000
3103,-445000
2304,-445000
3203,-445000
1235,-445000
2105,-450000
0125,-450000
0044,-450000
0424,-450000
4500,-455000
3134,-455000
0143,-460000
2144,-460000
0503,-460000
0502,-465000
3144,-475000
4501,-475000
4150,-480000
4251,-480000
4412,-485000
2423,-485000
5012,-495000
2035,-495000
4510,-495000
2324,-500000
5022,-500000
0235,-500000
4350,-505000
4411,-505000
3044,-505000
0452,-510000
4511,-510000
1352,-515000
3324,-515000
1343,-515000
0334,-530000
2215,-530000
1452,-530000
1324,-535000
1351,-535000
3304,-540000
3431,-545000
3012,-550000
1350,-570000
0520,-570000
4042,-575000
3114,-575000
0351,-580000
3143,-585000
0352,-585000
0450,-590000
4332,-595000
1334,-595000
4250,-595000
0324,-595000
0500,-600000
0511,-605000
1521,-605000
3034,-610000
2334,-610000
1144,-615000
4003,-615000
0350,-615000
1450,-620000
4213,-620000
4133,-625000
2440,-630000
2115,-630000
0451,-630000
3430,-655000
1451,-660000
3004,-660000
0343,-660000
0501,-675000
0521,-675000
2135,-680000
0510,-680000
3314,-685000
3421,-685000
2431,-695000
3043,-700000
4142,-700000
1414,-705000
0423,-715000
4400,-720000
4341,-730000
0433,-740000
4421,-745000
3401,-760000
4033,-765000
1044,-765000
2225,-770000
3214,-770000
1441,-775000
2235,-775000
1404,-790000
4223,-800000
4340,-810000
2125,-835000
3303,-835000
1043,-835000
4241,-840000
3003,-840000
1440,-840000
4240,-850000
4040,-860000
1242,-870000
3402,-875000
2234,-890000
3313,-900000
3342,-900000
4041,-900000
0224,-900000
3124,-915000
3033,-920000
1240,-930000
4141,-935000
2224,-935000
3340,-940000
4410,-955000
0441,-960000
4302,-960000
2432,-965000
2204,-970000
1234,-985000
0431,-995000
4420,-995000
0440,-1000000
4312,-1015000
3013,-1020000
2240,-1030000
4113,-1030000
4140,-1030000
3341,-1035000
2430,-1045000
1431,-1050000
3403,-1060000
2143,-1065000
3420,-1085000
0043,-1085000
1224,-1100000
0240,-1100000
4331,-1105000
2403,-1115000
3412,-1125000
0404,-1135000
0234,-1140000
3413,-1150000
0414,-1170000
2004,-1175000
3014,-1185000
4013,-1200000
3302,-1220000
3411,-1225000
0430,-1225000
3400,-1230000
2231,-1255000
2230,-1260000
1430,-1275000
4330,-1280000
2214,-1280000
2413,-1290000
2241,-1300000
2242,-1315000
3241,-1325000
3242,-1360000
2104,-1365000
3024,-1365000
1432,-1380000
3240,-1400000
1314,-1400000
1342,-1425000
1241,-1435000
0304,-1460000
0432,-1470000
0104,-1475000
2323,-1480000
1403,-1490000
1304,-1490000
2134,-1490000
0034,-1495000
4202,-1495000
4212,-1500000
3312,-1510000
0242,-1515000
4301,-1530000
0134,-1530000
4322,-1540000
1413,-1540000
1340,-1545000
2034,-1550000
4123,-1550000
2043,-1565000
0314,-1575000
3202,-1580000
3212,-1580000
2313,-1585000
2421,-1595000
4311,-1615000
0342,-1630000
2114,-1630000
2003,-1640000
3410,-1650000
0401,-1660000
4023,-1700000
0400,-1705000
0004,-1710000
0241,-1710000
1134,-1725000
3310,-1740000
1142,-1740000
2014,-1745000
4102,-1755000
2422,-1760000
3300,-1765000
2223,-1765000
2333,-1795000
3042,-1800000
3040,-1855000
3041,-1870000
1104,-1890000
3141,-1895000
4100,-1895000
2342,-1895000
4232,-1900000
0340,-1910000
1341,-1935000
3321,-1945000
4321,-1965000
3322,-1980000
1004,-1990000
2303,-2000000
3311,-2005000
0204,-2030000
1204,-2030000
4300,-2040000
2124,-2045000
3142,-2055000
2420,-2065000
2402,-2100000
3140,-2105000
0403,-2110000
0413,-2110000
2213,-2115000
4231,-2135000
3301,-2165000
4112,-2180000
0223,-2180000
4310,-2215000
1034,-2220000
0421,-2225000
2340,-2235000
1313,-2275000
0410,-2275000
1333,-2285000
3102,-2300000
0142,-2300000
0313,-2305000
0411,-2305000
4111,-2310000
4211,-2315000
4230,-2320000
0341,-2325000
1223,-2335000
4101,-2340000
2341,-2355000
4200,-2370000
0323,-2375000
4002,-2380000
4221,-2395000
4320,-2415000
2202,-2415000
2220,-2445000
3320,-2445000
4131,-2445000
4201,-2475000
1421,-2480000
1214,-2485000
4132,-2490000
4210,-2500000
0124,-2540000
0214,-2555000
4220,-2555000
1124,-2560000
0024,-2590000
4012,-2590000
2412,-2595000
4110,-2600000
2302,-2620000
2401,-2630000
2024,-2665000
2203,-2680000
0003,-2710000
1323,-2715000
4032,-2720000
0420,-2770000
1303,-2775000
1233,-2780000
1140,-2835000
1040,-2845000
3332,-2845000
2400,-2855000
4222,-2860000
0333,-2875000
4130,-2915000
2212,-2950000
1042,-2955000
1400,-2960000
1401,-2965000
1024,-2970000
0303,-2990000
1141,-3025000
2322,-3050000
2312,-3075000
4031,-3090000
0114,-3090000
2221,-3150000
2123,-3160000
0040,-3200000
1114,-3225000
0422,-3230000
4121,-3230000
1212,-3235000
1420,-3245000
2411,-3245000
0140,-3250000
1422,-3270000
3101,-3300000
4022,-3305000
1041,-3335000
3201,-3340000
4021,-3340000
1014,-3345000
1410,-3365000
1003,-3370000
4011,-3375000
2233,-3400000
2142,-3430000
4120,-3450000
1411,-3490000
0030,-3505000
0014,-3515000
0141,-3515000
4122,-3520000
3111,-3570000
0233,-3575000
4030,-3580000
1402,-3590000
3331,-3595000
4000,-3605000
2020,-3625000
2023,-3630000
2013,-3665000
1232,-3690000
4020,-3715000
0412,-3715000
2410,-3740000
1412,-3750000
4001,-3755000
0041,-3770000
1123,-3790000
2321,-3815000
2122,-3840000
0042,-3850000
0402,-3860000
0032,-3885000
2332,-3890000
2222,-3905000
2042,-3910000
3220,-3910000
3330,-3935000
3221,-3945000
3211,-3980000
2133,-3990000
2103,-4005000
2140,-4035000
0132,-4080000
4010,-4100000
0232,-4115000
1133,-4155000
3232,-4160000
2141,-4170000
0133,-4215000
2200,-4215000
2232,-4245000
1032,-4300000
2210,-4365000
2331,-4375000
3110,-4395000
3231,-4425000
0033,-4455000
1332,-4480000
2033,-4485000
3132,-4490000
1222,-4505000
3122,-4520000
3120,-4530000
2320,-4535000
2040,-4585000
0221,-4610000
2311,-4640000
2330,-4660000
1231,-4670000
2121,-4680000
1132,-4735000
0130,-4780000
3230,-4785000
2041,-4815000
2113,-4825000
0123,-4825000
0332,-4855000
3032,-4860000
0031,-4865000
1023,-4875000
3002,-4890000
1331,-4945000
1030,-4960000
1033,-5020000
0023,-5025000
3210,-5045000
3222,-5055000
0331,-5095000
1131,-5130000
3121,-5200000
0231,-5205000
2132,-5275000
1330,-5300000
1031,-5305000
2301,-5305000
3022,-5310000
2021,-5360000
0330,-5400000
1312,-5425000
3200,-5485000
1013,-5510000
2022,-5545000
2131,-5565000
0222,-5660000
3011,-5670000
0212,-5750000
0322,-5785000
0210,-5875000
3131,-5875000
1202,-5940000
0203,-5965000
0213,-5965000
2032,-5995000
0103,-6045000
1321,-6100000
2130,-6130000
0022,-6240000
1210,-6270000
1103,-6290000
1322,-6290000
2201,-6345000
2031,-6355000
3021,-6370000
3130,-6470000
0131,-6475000
3010,-6535000
0013,-6560000
1203,-6590000
3100,-6620000
1213,-6685000
3020,-6720000
1221,-6745000
2101,-6845000
2112,-6930000
2012,-6940000
3001,-6945000
1310,-6950000
0112,-6955000
0312,-7070000
1122,-7145000
2002,-7165000
1311,-7175000
1130,-7180000
3031,-7275000
0321,-7310000
2310,-7385000
1300,-7455000
1302,-7460000
0320,-7490000
1022,-7495000
0211,-7500000
1230,-7530000
1211,-7570000
1201,-7610000
0002,-7625000
0202,-7655000
1012,-7725000
1113,-7725000
1112,-7765000
2111,-7780000
1002,-7790000
2211,-7840000
1301,-7950000
0012,-8025000
2030,-8145000
2110,-8195000
0310,-8195000
0113,-8255000
0302,-8335000
1120,-8350000
2102,-8350000
3030,-8355000
2011,-8365000
1320,-8380000
0220,-8405000
1021,-8425000
1121,-8440000
2300,-8660000
0122,-8695000
0230,-8795000
0102,-8840000
3000,-9035000
0311,-9090000
0300,-9165000
0000,-9380000
1001,-9520000
2100,-9525000
1200,-9540000
0021,-9555000
0001,-9650000
0120,-9660000
1000,-9785000
0100,-9785000
0201,-9785000
1100,-10190000
1111,-10225000
1220,-10320000
0101,-10325000
2001,-10330000
0301,-10425000
2000,-10460000
1011,-10500000
0010,-10595000
0111,-10650000
0011,-10730000
0121,-10860000
0110,-11135000
0200,-11135000
1101,-11175000
1010,-11270000
1110,-11315000
0020,-11405000
2010,-11420000
1102,-11555000
1020,-12115000
